,Employee,Sl.No,Lat,Lon,Pool
0,455578,289,37.4311715,-121.8972642,1
1,449977,965,12.7454342,77.4877734,2
2,497351,613,12.8536615,77.4527969,3
3,505208,497,12.7813035,77.7622283,4
4,275903,826,12.703075,77.817189,5
5,480947,873,12.709455,77.820791,5
6,435037,244,12.7542657,77.7872828,6
7,483162,733,12.7467523,77.7999401,6
8,332435,392,12.7243048,77.8102684,7
9,266970,1013,12.735067,77.8274099,8
10,251835,540,12.735067,77.8274099,8
11,434316,591,12.735067,77.8274099,8
12,446551,109,12.7262247,77.8260964,8
13,523095,1022,12.7292828,77.8247438,8
14,365388,4,12.761904,77.835935,8
15,519010,285,12.753555,77.82998,8
16,512035,966,12.7514099,77.8272579,8
17,258663,249,12.7462642,77.820329,8
18,347873,384,12.7523699,77.8165195,8
19,342824,437,12.757635,77.820083,8
20,514035,68,12.878005,77.7628209,9
21,436165,554,12.865376,77.767262,9
22,313889,54,12.865978,77.7664519,9
23,424221,713,12.865978,77.7664519,9
24,491597,260,13.031569,77.5036734,10
25,432227,155,13.039872,77.5182112,11
26,439971,700,13.0381622,77.5182773,11
27,300111,190,13.043658,77.520647,11
28,242465,970,13.046299,77.519894,11
29,271056,874,13.0470904,77.5007467,11
30,334680,1028,13.0511664,77.5073327,11
31,306005,434,13.0464657,77.5076196,11
32,454815,855,13.0486003,77.5099546,11
33,355042,505,13.0614032,77.5179937,12
34,527732,887,13.0602581,77.5194317,12
35,345656,649,13.0847816,77.5130133,12
36,449868,278,13.0694711,77.5089365,12
37,303027,740,13.073706,77.522979,12
38,218498,578,13.074765,77.5166828,12
39,333720,159,13.074765,77.5166828,12
40,470416,515,13.074765,77.5166828,12
41,490746,811,13.0288166,77.7662848,13
42,501865,833,13.034615,77.770171,13
43,471601,600,12.7871572,77.6525165,14
44,481797,312,12.8044376,77.673387,14
45,481736,9,12.8044376,77.673387,14
46,481742,135,12.8044376,77.673387,14
47,434911,738,12.8011396,77.6618096,14
48,338193,832,12.7991946,77.6665501,14
49,355732,559,13.003239,77.469992,15
50,533916,369,12.830706,77.681289,16
51,495134,74,12.8323054,77.6969215,16
52,444784,705,12.831385,77.700493,16
53,335341,848,12.8361469,77.6905057,16
54,449881,83,12.8385071,77.6842037,16
55,434276,568,12.8416717,77.6848612,16
56,500252,643,12.82174,77.6597701,17
57,453597,1012,12.82174,77.6597701,17
58,533057,502,12.832676,77.665492,18
59,434921,982,12.8379151,77.6583044,18
60,463747,950,12.838258,77.649585,18
61,348402,193,12.84249,77.6518227,18
62,482651,410,12.845799,77.647487,18
63,531550,631,12.8459003,77.6473876,18
64,498348,528,12.842669,77.6472241,18
65,293117,872,12.841668,77.64645,18
66,494582,62,12.8418006,77.6459482,18
67,365705,730,12.841878,77.6456088,18
68,496305,441,12.935674,77.745631,19
69,492660,727,12.940195,77.7470704,19
70,288177,762,12.9414612,77.7472156,19
71,501975,31,12.9310955,77.7596919,19
72,494011,453,12.941381,77.758279,19
73,326064,1002,12.890833,77.673374,20
74,480957,870,12.907216,77.7056053,21
75,306197,953,12.9072859,77.6955069,21
76,467766,16,13.058115,77.650835,22
77,456350,282,13.0601253,77.6486969,22
78,259312,717,12.9962342,77.489466,23
79,494013,544,12.975853,77.598005,24
80,519193,389,12.9976156,77.6051722,24
81,474147,573,13.000797,77.608686,24
82,511631,820,13.000152,77.6084,24
83,306822,36,12.991111,77.598045,24
84,485137,170,12.9913022,77.6010952,24
85,483996,299,12.9844238,77.60428,24
86,344562,694,12.983997,77.597412,24
87,493805,654,12.9977327,77.7590293,25
88,449749,878,13.0068389,77.7674602,25
89,341145,460,13.0060844,77.7512276,25
90,431470,793,13.0084515,77.7588807,25
91,346535,357,13.007897,77.755569,25
92,299726,612,13.0060836,77.7568283,25
93,334817,917,12.9451022,77.6802862,26
94,463583,72,13.007631,77.591922,27
95,A463583,517,13.007631,77.591922,27
96,279360,914,13.0174503,77.5907599,27
97,483686,251,13.013505,77.593657,27
98,491559,725,13.0159126,77.5973967,27
99,287822,533,13.0264624,77.6039726,27
100,537899,825,13.0286245,77.6045107,27
101,531731,1018,13.0356842,77.5953513,27
102,454291,495,13.038732,77.603689,27
103,305565,764,13.037433,77.6051058,27
104,505889,766,13.0377913,77.6054595,27
105,503826,690,12.8584304,77.6050843,28
106,82322,745,12.8623744,77.6134478,28
107,487095,639,12.8589085,77.613768,28
108,353521,886,12.8589085,77.613768,28
109,434652,100,12.9920346,77.504651,29
110,450491,225,13.0009826,77.5062158,29
111,460877,442,13.0606441,77.5832324,30
112,434799,863,13.0651509,77.5929135,30
113,496286,846,13.0620561,77.5877542,30
114,373158,147,13.064838,77.5871508,30
115,313924,390,13.0646338,77.5891429,30
116,279855,329,13.0551972,77.5952529,30
117,34898,252,13.0503765,77.5985221,30
118,461505,575,13.0529125,77.6014859,30
119,237553,419,12.8984666,77.4906807,31
120,470067,217,12.8984666,77.4906807,31
121,290932,376,12.8984666,77.4906807,31
122,499869,476,12.913891,77.6772659,32
123,478313,822,12.9154789,77.681483,32
124,474073,651,12.9241293,77.665768,33
125,476754,857,12.9255055,77.6654327,33
126,330941,247,12.9213943,77.6649567,33
127,334542,625,12.921336,77.662956,33
128,493722,838,12.9282987,77.6799114,33
129,478767,746,12.9238309,77.674399,33
130,476809,580,12.927473,77.676531,33
131,496279,171,12.9254422,77.675923,33
132,494478,164,12.9263241,77.6744052,33
133,244856,136,12.9263026,77.6752784,33
134,355019,178,12.9263026,77.6752784,33
135,334882,326,13.053867,77.572805,34
136,359077,709,13.047798,77.578341,34
137,340070,672,13.0431944,77.5612324,35
138,430871,192,13.041712,77.572599,36
139,328116,563,13.037871,77.5742768,37
140,505980,1039,13.0375486,77.5748598,37
141,288967,284,13.033771,77.568716,37
142,500757,915,13.036097,77.566624,37
143,328634,238,13.035164,77.579454,37
144,426829,923,13.0357071,77.5781221,37
145,346049,1019,13.0308179,77.5775692,37
146,114445,652,13.0305553,77.5704826,37
147,456491,961,13.0282224,77.5698191,37
148,367596,294,13.032471,77.572922,37
149,359171,648,13.0333672,77.5757074,37
150,325364,20,13.039942,77.553467,38
151,262017,134,13.0327686,77.5541592,39
152,484346,1050,13.03441,77.5513308,39
153,476976,1034,13.0285023,77.5588019,39
154,313173,930,13.034157,77.559943,39
155,466551,2,13.0318681,77.5595538,39
156,307903,671,13.0324337,77.5584939,39
157,241307,276,13.0363247,77.5558518,39
158,228283,28,13.0356385,77.5576964,39
159,333724,799,13.0341646,77.5575197,39
160,255742,889,13.0249331,77.5574221,40
161,C67915,421,13.0200391,77.5564428,40
162,503748,483,13.0214274,77.5585269,40
163,451738,122,13.063922,77.567588,41
164,99582,412,13.0648256,77.5595314,41
165,304198,899,13.0669965,77.5599588,41
166,487452,974,13.0736571,77.5539717,41
167,434827,737,13.0794492,77.5596005,41
168,312664,352,13.0794492,77.5596005,41
169,491711,615,13.0794492,77.5596005,41
170,485400,48,13.074555,77.559879,41
171,271155,681,13.076233,77.5582663,41
172,327968,888,13.076752,77.557988,41
173,372757,224,13.0892467,77.5460989,42
174,488758,630,13.0801035,77.5479285,42
175,434615,769,13.0813165,77.548324,42
176,313232,130,12.8935945,77.5310033,43
177,373723,969,12.9989533,77.5774094,44
178,428205,617,12.9969223,77.5754318,44
179,493060,851,12.9962605,77.5758061,44
180,434967,660,12.929379,77.486928,45
181,472757,402,12.9208405,77.4847527,45
182,215020,553,12.9230523,77.4846519,45
183,512644,139,12.945354,77.499384,45
184,278152,50,12.949987,77.500934,45
185,338143,981,12.95208,77.498299,45
186,289257,152,12.9449721,77.4911598,45
187,434764,427,12.935461,77.49235,45
188,472497,669,12.9384455,77.4947688,45
189,360759,668,12.8643294,77.6477838,46
190,331753,58,12.8554706,77.6648956,46
191,500248,430,12.867912,77.656533,46
192,455813,510,12.8641691,77.6623994,46
193,494691,227,12.861107,77.5796731,47
194,478990,704,12.855417,77.5861201,47
195,485184,680,12.971754,77.499463,48
196,444512,341,12.870373,77.6268033,49
197,474341,879,12.8668855,77.5921249,50
198,353377,860,12.9810607,77.517313,51
199,440511,388,12.9546387,77.5904467,52
200,493800,489,12.9588557,77.5872094,52
201,449957,33,12.964818,77.581165,52
202,294162,781,12.9688161,77.5771814,52
203,503681,29,12.965947,77.553013,53
204,311399,40,13.0157174,77.5243373,54
205,494116,464,13.014791,77.5182321,54
206,271413,883,12.9749904,77.5093455,55
207,493530,787,12.979819,77.505141,55
208,284619,946,12.979819,77.505141,55
209,244491,1010,12.9593698,77.5469348,56
210,488236,426,12.9700935,77.5165064,57
211,434898,996,12.9881038,77.5599475,58
212,290743,110,12.9849815,77.553344,58
213,450183,373,12.9875654,77.5545514,58
214,522949,911,13.0075347,77.5268208,59
215,324390,96,13.0094699,77.5335778,59
216,335098,842,13.0123341,77.5374106,59
217,459602,181,13.0104967,77.5502392,59
218,92378,993,13.016222,77.5435732,59
219,463757,35,13.0118457,77.5441163,59
220,292139,488,13.008628,77.5429044,59
221,373121,978,13.005911,77.541147,59
222,473542,117,12.960611,77.5124376,60
223,434783,345,12.9607974,77.5117555,60
224,291519,165,12.957698,77.508237,60
225,490322,841,12.9599448,77.5082833,60
226,485394,675,13.0057882,77.5652552,61
227,355022,823,13.0075802,77.5639679,61
228,485381,381,13.0040304,77.5601079,62
229,528298,303,12.9969667,77.5546875,62
230,527426,834,12.9985345,77.5569524,62
231,434826,868,12.9999666,77.5532315,62
232,286767,429,13.0012927,77.5558647,62
233,493510,564,13.00531,77.556857,62
234,279274,572,13.005335,77.557378,62
235,291604,662,13.0039709,77.554846,62
236,437721,767,13.0038882,77.5525543,62
237,471602,765,12.996397,77.564241,63
238,288275,534,12.9987351,77.5616575,63
239,352387,552,13.001735,77.563356,63
240,294263,212,12.9532805,77.529234,64
241,490319,656,12.9538653,77.5232461,64
242,469246,976,12.9764678,77.5257345,65
243,478643,34,12.977272,77.553603,66
244,435088,650,12.975534,77.55615,66
245,485626,1035,12.975498,77.55428,66
246,302117,561,12.9738222,77.5461283,67
247,491623,619,12.9742954,77.5491271,67
248,533139,634,12.9742954,77.5491271,67
249,293118,211,12.9706963,77.524864,68
250,255660,772,12.9706963,77.524864,68
251,529365,162,12.9773575,77.5423404,69
252,485280,985,12.9756171,77.5395435,69
253,226423,1040,12.976346,77.5354295,69
254,478779,1023,12.9755518,77.5313312,69
255,284656,119,12.9755518,77.5313312,69
256,274378,932,12.9755518,77.5313312,69
257,110796,474,12.968032,77.530473,69
258,490917,771,12.968032,77.530473,69
259,533893,106,12.9703437,77.5303743,69
260,497659,331,12.9720153,77.5292408,69
261,503752,508,12.9719161,77.5298856,69
262,292618,266,12.9579614,77.5340661,70
263,498548,274,12.9601968,77.5346638,70
264,456198,397,12.9619568,77.5335821,70
265,217852,94,12.9658144,77.5417665,71
266,527680,361,12.9631454,77.5392753,72
267,294011,731,12.9633585,77.5371718,72
268,242451,621,12.9628174,77.5378937,72
269,236505,728,12.9628174,77.5378937,72
270,267763,428,12.9655103,77.5347448,73
271,478737,315,12.9655103,77.5347448,73
272,467430,387,12.9655103,77.5347448,73
273,277641,353,12.9677291,77.5361731,73
274,313957,858,12.9674699,77.5359608,73
275,372621,413,12.9674699,77.5359608,73
276,372124,215,12.9674699,77.5359608,73
277,474952,113,12.9674699,77.5359608,73
278,299539,91,12.9674699,77.5359608,73
279,472209,101,12.9674699,77.5359608,73
280,462137,291,12.960408,77.528869,74
281,C73308,593,12.9597914,77.5289797,74
282,372144,632,12.9619336,77.5194316,74
283,434772,906,12.960255,77.5239628,74
284,304486,195,12.9919686,77.544852,75
285,235363,936,12.9919686,77.544852,75
286,471979,862,12.998524,77.544044,75
287,309256,581,12.9950679,77.5458883,75
288,460887,679,12.9974524,77.5470041,75
289,495627,400,13.0017564,77.532054,76
290,309376,854,13.0023069,77.5318463,76
291,327740,523,12.9826712,77.5359944,77
292,373581,304,12.9967094,77.5281768,78
293,434594,416,12.9831801,77.5301753,79
294,506466,603,12.9984796,77.5369848,80
295,307947,636,12.9872407,77.5396944,80
296,365974,685,12.9881775,77.5376884,80
297,476918,1005,12.9881775,77.5376884,80
298,493796,818,12.9914541,77.5382202,80
299,300113,65,12.9937624,77.5390054,80
300,491637,414,12.994886,77.5376694,80
301,489185,103,12.988226,77.532212,80
302,54838,433,12.988563,77.533686,80
303,498053,254,12.993982,77.533248,80
304,517606,611,12.9920817,77.5322046,80
305,502499,960,12.93132,77.515541,81
306,490286,1009,12.9311071,77.5149075,81
307,509214,126,12.8825652,77.5653654,82
308,512144,670,12.882665,77.5663052,82
309,440513,1048,12.941021,77.6311797,83
310,DK0T9644,977,12.9382435,77.6327997,83
311,337403,1044,12.9386204,77.633132,83
312,334649,480,12.9343954,77.6240335,83
313,340579,1001,12.939684,77.625449,83
314,304520,265,12.9389778,77.6190552,83
315,363762,491,12.9515858,77.6222729,83
316,363988,658,12.9515858,77.6222729,83
317,431729,317,12.9462606,77.6218629,83
318,491587,3,12.9459597,77.619103,83
319,434549,1025,12.945041,77.619403,83
320,501894,773,12.874439,77.6167924,84
321,123456,677,12.8805124,77.6165593,84
322,471033,115,12.8788416,77.6105171,84
323,484557,368,12.878812,77.61108,84
324,497633,706,12.9405603,77.5840661,85
325,435071,1047,12.9332503,77.5839116,85
326,474066,220,12.9224483,77.6512716,86
327,512924,797,12.919912,77.6496856,86
328,516394,277,12.919912,77.6496856,86
329,364193,521,12.919912,77.6496856,86
330,434874,543,12.9201596,77.6512411,86
331,305119,579,12.9201596,77.6512411,86
332,461317,913,12.8856868,77.6527888,87
333,503798,509,12.881217,77.655299,87
334,432034,622,12.8790962,77.6550025,87
335,434774,467,12.8990582,77.65836,88
336,503572,485,12.9008804,77.6487251,88
337,300343,511,12.8985899,77.6514648,88
338,292838,595,12.915633,77.535133,89
339,507820,121,12.9427212,77.5973844,90
340,333011,518,12.94382,77.5970595,90
341,492656,864,12.9482134,77.5972261,90
342,485293,1049,12.949604,77.599442,90
343,327554,624,12.8781733,77.5794647,91
344,468826,986,12.8706989,77.5831254,91
345,297816,493,12.8722514,77.5784473,91
346,107755,999,12.8713686,77.579319,91
347,485279,608,12.9021902,77.518582,92
348,461507,440,12.9069444,77.520704,92
349,301220,288,12.9078962,77.525217,92
350,304131,348,12.9043065,77.5273781,92
351,363052,972,12.9040435,77.5256125,92
352,509009,577,12.959414,77.55966,93
353,486760,655,12.9554078,77.5669967,93
354,523389,760,12.9570249,77.5645397,93
355,502676,989,12.9570249,77.5645397,93
356,490939,257,12.917865,77.577757,94
357,325679,665,12.8855718,77.5749672,95
358,333771,790,12.90778,77.533782,96
359,294028,991,12.908457,77.537545,96
360,522245,599,12.9344948,77.5345164,97
361,330917,132,12.9215496,77.5709726,98
362,434760,102,12.943483,77.537467,99
363,516393,167,12.9387677,77.5393675,99
364,228616,827,12.9387677,77.5393675,99
365,309543,646,12.9215114,77.5417137,100
366,434818,956,12.9264538,77.5404459,100
367,334492,770,12.930304,77.543569,100
368,365732,455,12.9304282,77.5395539,100
369,434865,816,12.9304282,77.5395539,100
370,485375,898,12.9433812,77.5588832,101
371,465162,46,12.9502149,77.5518668,101
372,304138,995,12.9467756,77.5519109,101
373,505070,196,12.944405,77.5547473,101
374,419151,555,12.9451708,77.5550121,101
375,327721,13,12.9292328,77.5644205,102
376,37390,900,12.9263762,77.5635574,102
377,306198,359,12.9269955,77.5615652,102
378,482639,957,12.9269955,77.5615652,102
379,226171,332,12.9178883,77.5557846,103
380,308008,125,12.9161638,77.5585736,103
381,492104,218,12.9133216,77.5619916,103
382,248590,207,12.9145787,77.5604232,103
383,373218,98,12.9135106,77.5590271,103
384,432071,590,12.9120094,77.5585542,103
385,310528,791,12.935663,77.544961,104
386,428298,283,12.941903,77.550269,105
387,532332,436,12.9395828,77.547343,105
388,1234,194,12.9420948,77.5463577,105
389,314840,582,12.9406849,77.5450175,105
390,362076,835,12.9409158,77.5455919,105
391,428425,718,12.934495,77.551699,105
392,485130,1038,12.938547,77.549342,105
393,434556,1032,12.9369319,77.5489585,105
394,493792,1036,12.936051,77.550147,105
395,286890,363,12.9386096,77.5535454,106
396,434593,280,12.937249,77.557598,106
397,484553,935,12.936933,77.556661,106
398,469223,903,12.931386,77.557563,106
399,339214,1046,12.9306785,77.5585386,106
400,522948,959,12.9343389,77.5659306,106
401,472780,355,12.9350181,77.563284,106
402,437971,408,12.935107,77.560717,106
403,460814,696,12.9334382,77.5608672,106
404,365120,525,12.9289218,77.5521912,107
405,434952,77,12.93051,77.55352,107
406,530056,293,12.93051,77.55352,107
407,475434,7,12.924378,77.547211,107
408,460390,97,12.924378,77.547211,107
409,460203,153,12.9264752,77.5508957,107
410,449925,246,12.9256627,77.5492623,107
411,466695,470,12.920684,77.5598116,108
412,456930,11,12.9233054,77.5533448,108
413,524981,712,12.9233054,77.5533448,108
414,513971,907,12.9228829,77.5563348,108
415,459029,984,12.9231115,77.5576428,108
416,493808,750,12.949066,77.56392,109
417,498904,775,12.9486097,77.5607439,109
418,478758,327,12.9281815,77.573515,110
419,484509,547,12.926918,77.574262,110
420,428283,158,12.9323609,77.5720506,110
421,491956,482,12.934623,77.5739777,110
422,452337,142,12.9363019,77.5724813,110
423,461772,962,12.9368269,77.5721522,110
424,490325,81,12.9455888,77.5712556,110
425,327692,588,12.9440185,77.5642311,110
426,449987,861,12.9434936,77.5644079,110
427,478582,324,12.9400358,77.5692083,110
428,496139,418,12.942898,77.5681966,110
429,450135,269,12.895509,77.564614,111
430,127757,566,12.899255,77.56493,111
431,297121,682,12.90074,77.5655766,111
432,334523,819,12.905881,77.558019,111
433,365198,336,12.901948,77.560666,111
434,372983,399,12.9051954,77.5628536,111
435,450066,221,12.908047,77.564945,111
436,434862,338,12.9089034,77.5665586,111
437,461294,241,12.905119,77.54341,112
438,453613,697,12.9012224,77.5443381,112
439,217639,1030,12.901277,77.544156,112
440,476716,635,12.911324,77.545241,112
441,495400,263,12.908866,77.552696,112
442,514888,701,12.910838,77.5514442,112
443,309154,795,12.9117176,77.5520637,112
444,435096,245,12.9088334,77.5485857,112
445,469229,275,12.90621,77.5491006,112
446,434806,673,12.8798809,77.6250654,113
447,308421,531,12.8818796,77.631959,113
448,307249,306,12.8812268,77.6278377,113
449,533071,944,12.8814347,77.6297174,113
450,324998,817,12.9198876,77.5879973,114
451,368114,551,12.9261736,77.5888496,115
452,328527,298,12.929743,77.5941783,115
453,502698,463,12.9289801,77.5911598,115
454,330921,56,12.9115148,77.5730669,116
455,536905,0,12.8872556,77.5818367,117
456,338139,183,12.8848904,77.5820334,117
457,334249,519,12.893012,77.585912,117
458,246836,896,12.895851,77.5818297,117
459,506871,602,12.8929276,77.5825059,117
460,485440,229,12.8906899,77.5826849,117
461,286332,920,12.8895435,77.584658,117
462,258360,938,12.9226775,77.5935667,118
463,485429,749,12.9226775,77.5935667,118
464,513975,880,12.9226775,77.5935667,118
465,533067,637,12.9172579,77.5934227,119
466,518377,904,12.9142864,77.593172,119
467,423987,300,12.9109596,77.5789444,120
468,364707,305,12.9014521,77.5903365,121
469,338593,310,12.898811,77.574579,122
470,300358,918,12.9028954,77.5753749,122
471,485246,1000,12.90977,77.590608,123
472,531720,667,12.9065521,77.5776364,124
473,444539,231,12.9037028,77.5804877,124
474,485645,1045,12.9053203,77.5799417,124
475,450132,535,12.9133276,77.5876459,125
476,477105,330,12.9113375,77.5856014,125
477,359167,592,12.9113375,77.5856014,125
478,311068,379,12.9001857,77.5856105,125
479,485250,565,12.9083667,77.5864765,125
480,329157,233,12.9027074,77.5838129,125
481,428254,815,12.9032059,77.5860585,125
482,432822,166,12.9056435,77.585513,125
483,339909,715,12.904788,77.585012,125
484,337452,452,12.878649,77.601347,126
485,297053,845,12.8766436,77.6000867,126
486,359149,1011,12.880523,77.5957414,127
487,368195,201,12.8972848,77.6148585,128
488,494223,516,12.8856568,77.596335,129
489,423310,449,12.8893258,77.5936874,130
490,433953,236,12.8889867,77.6156282,131
491,300028,571,12.8975848,77.6001123,132
492,307029,897,12.8961216,77.599689,132
493,338094,522,12.8922303,77.5985733,132
494,513206,47,12.8909633,77.5977338,132
495,480372,663,12.890571,77.59801,132
496,464894,393,12.890737,77.6005879,132
497,375036,916,12.8919724,77.6024239,132
498,334403,865,12.888914,77.60498,132
499,536561,1003,12.892733,77.613565,132
500,533115,365,12.8913734,77.6080616,132
501,432450,768,12.8926741,77.6104933,132
502,307784,273,12.8901071,77.6463036,133
503,338074,358,12.9371768,77.6023295,134
504,475268,32,12.9326377,77.6101635,134
505,516206,143,12.933094,77.611091,134
506,363010,722,12.933094,77.611091,134
507,313110,287,12.931842,77.6085027,134
508,296672,407,12.9317987,77.6074098,134
509,258447,779,12.9361892,77.6067835,134
510,480247,804,12.9367451,77.6104246,134
511,434634,653,12.8748583,77.6468413,135
512,337060,828,12.8737284,77.6433476,135
513,353781,258,12.8889803,77.6247989,136
514,474308,235,12.9006753,77.6320967,137
515,365778,383,12.899818,77.622265,138
516,372076,869,12.8981062,77.6211628,138
517,527440,51,12.8986206,77.6266648,138
518,478401,206,12.8986574,77.6264444,138
519,511723,616,12.8930954,77.6290686,138
520,490299,922,12.894539,77.625441,138
521,476254,423,12.8914842,77.6341501,138
522,308527,919,12.8893866,77.6307912,138
523,428319,538,12.9119245,77.649052,139
524,426053,432,12.9292172,77.6332381,140
525,342119,226,12.9247414,77.6381547,141
526,113830,881,12.9248443,77.6346493,141
527,473810,980,12.906483,77.599568,142
528,495404,19,12.91257,77.600533,143
529,475265,487,12.9126796,77.6016781,143
530,330730,199,12.9049439,77.6193591,144
531,355533,780,12.9041471,77.6199608,144
532,374908,753,12.907009,77.622047,144
533,491554,210,12.9117864,77.6259633,144
534,493767,849,12.9119172,77.6261169,144
535,455808,380,12.9090891,77.6238101,144
536,493814,852,12.9106725,77.6235413,144
537,338345,21,12.9259255,77.6089078,145
538,353437,927,12.9252855,77.6075668,145
539,450354,620,12.9202698,77.6027732,146
540,372595,168,12.9126926,77.6186109,147
541,485258,391,12.912609,77.620242,147
542,528582,146,12.910593,77.606324,148
543,366569,334,12.910593,77.606324,148
544,486112,539,12.922911,77.605617,149
545,427539,69,12.9084981,77.6040932,150
546,525914,910,12.9076487,77.6040399,150
547,504678,459,12.9082396,77.6074088,150
548,294932,784,12.906976,77.606211,150
549,491863,30,12.9057444,77.6074106,150
550,307356,751,12.906277,77.609015,150
551,444527,542,12.9083736,77.6138324,151
552,434757,503,12.909167,77.611985,151
553,439983,532,12.9085828,77.6106456,151
554,434904,928,12.9085828,77.6106456,151
555,466944,988,12.9078059,77.6110341,151
556,463581,250,12.9078059,77.6110341,151
557,295133,686,12.9078059,77.6110341,151
558,358466,394,12.9179872,77.6011609,152
559,482046,150,12.9166272,77.5998621,152
560,314766,1017,12.916647,77.600092,152
561,460788,498,12.917593,77.607449,153
562,359305,279,12.917217,77.606828,153
563,494001,41,12.9164493,77.6064685,153
564,312217,372,12.916695,77.6067607,153
565,527442,138,12.9168755,77.6035564,154
566,284811,255,12.9167898,77.6033041,154
567,62413,1027,12.9164471,77.6045748,154
568,536883,618,12.9164471,77.6045748,154
569,520021,105,12.9164471,77.6045748,154
570,454022,512,12.9164471,77.6045748,154
571,336527,95,12.916822,77.605022,154
572,512490,88,12.916752,77.60534,154
573,493545,477,12.916759,77.605388,154
574,478120,157,12.9106556,77.614637,155
575,505854,796,12.9229378,77.6175955,156
576,470601,323,12.9241959,77.6181229,156
577,278691,584,12.9241959,77.6181229,156
578,353366,26,12.9210485,77.6207336,156
579,489432,256,12.9211093,77.6180584,156
580,353379,61,12.9222574,77.61938,156
581,353406,947,12.9222574,77.61938,156
582,430900,75,12.9138144,77.6067467,157
583,298719,601,12.9136913,77.6064613,157
584,449902,647,12.9153213,77.6173942,158
585,358616,813,12.915149,77.6177686,158
586,348295,754,12.916542,77.619747,159
587,429323,627,12.916542,77.619747,159
588,500863,184,12.916542,77.619747,159
589,493705,76,12.916542,77.619747,159
590,485332,175,12.916542,77.619747,159
591,503679,719,12.916568,77.617868,159
592,483919,606,12.916568,77.617868,159
593,PS0T11336,333,12.916568,77.617868,159
594,428322,576,12.916568,77.617868,159
595,C68551,335,12.9171448,77.6187756,159
596,437097,596,12.9179726,77.6183944,159
597,355125,128,12.913976,77.609018,160
598,330919,370,12.915816,77.6101936,161
599,364747,741,12.9161227,77.6101926,161
600,494720,788,12.912909,77.610074,162
601,462135,316,12.9147416,77.6101795,163
602,450255,952,12.9147416,77.6101795,163
603,431999,156,12.9141014,77.6109503,164
604,536903,807,12.9141014,77.6109503,164
605,426043,1016,12.9139949,77.6103183,165
606,440825,666,12.913898,77.61016,165
607,493519,567,12.913898,77.61016,165
608,328603,451,12.913898,77.61016,165
609,495630,417,12.913898,77.61016,165
610,450154,377,12.913898,77.61016,165
611,440827,271,12.913898,77.61016,165
612,449909,202,12.913898,77.61016,165
613,493766,37,12.913898,77.61016,165
614,471092,112,12.913898,77.61016,165
615,521152,243,12.9130261,77.6120665,166
616,434577,454,12.9142844,77.61273,166
617,482462,693,12.9128942,77.6147275,166
618,499886,160,12.913932,77.613883,166
619,491976,466,12.91396,77.614835,166
620,520675,943,12.9137772,77.6153746,166
621,471028,415,12.9158141,77.6137234,167
622,496651,724,12.918817,77.612825,167
623,464087,301,12.919587,77.613025,167
624,470569,744,12.9196225,77.6129522,167
625,341353,337,12.9178683,77.6127505,167
626,117534,884,12.917073,77.612582,167
627,487739,107,12.9163974,77.6128891,167
628,497890,471,12.9163974,77.6128891,167
629,125951,104,12.918608,77.615306,168
630,482051,702,12.919449,77.615697,168
631,445355,821,12.916057,77.615603,168
632,358245,66,12.916057,77.615603,168
633,333759,67,12.916057,77.615603,168
634,498480,847,12.9169999,77.6155428,168
635,485007,141,12.9169297,77.6150676,168
636,363003,726,12.9169297,77.6150676,168
637,504698,371,12.9199409,77.6106512,169
638,493521,514,12.9202868,77.6105702,169
639,355158,406,12.919926,77.607503,169
640,480366,556,12.920744,77.607433,169
641,375021,992,12.9207008,77.6069321,169
642,463991,761,12.921466,77.609129,169
643,366620,378,12.9222675,77.6104725,169
644,267339,230,12.9222675,77.6104725,169
645,364711,295,12.9222675,77.6104725,169
646,474437,344,12.921591,77.613673,170
647,341988,346,12.9227885,77.614291,170
648,460687,871,12.9227885,77.614291,170
649,437471,108,12.9241809,77.6157062,171
650,434638,205,12.923326,77.6122897,172
651,482830,689,12.923326,77.6122897,172
652,353394,350,12.9253392,77.6124169,173
653,418551,163,12.9247026,77.6125595,173
654,475253,200,12.9249865,77.6127996,173
655,299371,638,12.9249865,77.6127996,173
656,353441,340,12.9266358,77.616163,173
657,486763,15,12.92586,77.615894,173
658,491680,213,12.9256678,77.6154306,173
659,337093,114,12.926003,77.6136768,173
660,532877,129,12.925694,77.614459,173
661,470524,716,12.926463,77.6146887,173
662,336867,481,12.9176544,77.6233421,174
663,307447,735,12.9199543,77.6256895,174
664,533050,628,12.9057569,77.6427868,175
665,529600,529,12.912288,77.6442869,175
666,509565,752,12.9089243,77.6413535,175
667,349542,850,12.9085099,77.6445654,175
668,493502,354,12.9093466,77.6432164,175
669,334901,794,12.9093466,77.6432164,175
670,415696,325,12.908341,77.636878,176
671,342156,264,12.9204334,77.6357139,177
672,444410,438,12.9191291,77.6381231,177
673,353846,405,12.9063863,77.6306813,178
674,359160,520,12.9071637,77.6329758,178
675,504699,583,12.9071637,77.6329758,178
676,504693,364,12.910554,77.6328387,178
677,314897,967,12.914451,77.629816,178
678,342534,60,12.91753,77.6305415,178
679,478765,18,12.9156641,77.6320576,178
680,434907,831,12.913792,77.632425,178
681,338221,473,12.9140524,77.6356372,178
682,508431,800,12.916663,77.635041,178
683,333212,43,12.9031156,77.6367116,179
684,523092,504,12.8962892,77.6357166,179
685,330841,55,12.8983276,77.6382592,179
686,330936,209,12.8983276,77.6382592,179
687,485787,875,12.8868269,77.636721,180
688,365104,1031,12.889441,77.6402211,180
689,420252,623,12.884713,77.642248,180
690,338475,785,12.880429,77.6407258,180
691,434486,362,12.8770505,77.6384894,180
692,331013,549,12.8788749,77.6380705,180
693,434812,629,12.907074,77.499256,181
694,434785,840,12.903957,77.50781,181
695,432249,500,12.9114276,77.5114427,181
696,426682,237,12.915339,77.514886,181
697,41149,1037,12.915112,77.51593,181
698,527372,541,12.9225244,77.5175123,181
699,478312,25,12.9164134,77.5225294,181
700,298441,409,12.9193997,77.5220682,181
701,533119,801,12.921766,77.508776,181
702,309617,17,12.916001,77.502627,181
703,478707,1021,12.917345,77.500047,181
704,352194,78,13.049515,77.637253,182
705,346075,1006,12.9394438,77.7232692,183
706,470226,149,13.0495867,77.6144257,184
707,287755,59,12.9833522,77.7679893,185
708,339629,691,12.9835886,77.7684026,185
709,420602,403,13.0305979,77.6214638,186
710,535878,902,13.0058915,77.6230853,187
711,349760,545,13.015019,77.617312,187
712,485292,188,13.0119668,77.6172185,187
713,514425,198,13.0133735,77.6166815,187
714,449324,53,12.9642353,77.7020419,188
715,290450,478,12.9565012,77.7089591,189
716,473823,934,12.9565012,77.7089591,189
717,364883,313,12.949229,77.714884,190
718,344060,939,12.9504277,77.7131137,190
719,340395,803,12.9545898,77.7151112,190
720,504948,597,12.953243,77.715215,190
721,462407,228,12.9515116,77.7154631,190
722,470426,708,12.952057,77.715572,190
723,NP0T9606,472,12.9545824,77.7176333,190
724,512655,824,12.9532514,77.7170244,190
725,345542,1,12.9559539,77.7132397,190
726,485087,111,12.9557193,77.7112569,190
727,461497,661,12.9509691,77.7093807,191
728,518625,810,12.950226,77.70937,191
729,502462,10,12.950295,77.707687,191
730,468291,457,12.9500863,77.7070657,191
731,308699,644,12.9524604,77.7063558,191
732,336631,885,12.9517232,77.7067614,191
733,530305,891,12.951543,77.706619,191
734,61179,319,12.954484,77.698927,192
735,479652,52,12.9546488,77.6977093,192
736,479168,968,12.9548151,77.6982021,192
737,465128,86,12.9571907,77.6979035,192
738,C69243,859,12.956319,77.6981967,192
739,331901,814,12.956319,77.6981967,192
740,472956,808,12.956319,77.6981967,192
741,492350,742,12.956319,77.6981967,192
742,508567,38,12.956319,77.6981967,192
743,498498,699,12.956319,77.6981967,192
744,251335,692,12.9522235,77.7038468,193
745,313641,786,12.953764,77.703643,193
746,338048,955,12.9538062,77.7042697,193
747,492709,894,12.9551021,77.705117,193
748,288019,605,12.954413,77.706489,193
749,336185,892,12.954694,77.706538,193
750,491580,499,12.95296,77.7004218,194
751,432601,776,12.952533,77.700253,194
752,456882,558,12.9523644,77.7003618,194
753,332322,763,12.9523761,77.7003376,194
754,432226,678,12.9523761,77.7003376,194
755,432231,513,12.9523761,77.7003376,194
756,432223,42,12.9523761,77.7003376,194
757,452061,501,12.9523761,77.7003376,194
758,496141,321,12.95217,77.699396,195
759,528299,945,12.9519018,77.6989609,195
760,487460,844,12.9519018,77.6989609,195
761,487526,45,12.9519018,77.6989609,195
762,432582,778,12.9519018,77.6989609,195
763,496321,367,12.9519374,77.697435,196
764,470593,420,12.9519374,77.697435,196
765,C72663,557,12.9528327,77.6981843,196
766,465305,24,12.9528327,77.6981843,196
767,334206,116,12.9528327,77.6981843,196
768,335004,144,12.952717,77.6981765,196
769,480967,385,12.952717,77.6981765,196
770,512659,1015,12.9491934,77.702741,197
771,306527,809,12.9491934,77.702741,197
772,442052,248,12.9491934,77.702741,197
773,512939,598,12.9491934,77.702741,197
774,483533,173,12.9502885,77.6990626,197
775,460207,465,12.9499669,77.6998641,197
776,426803,232,12.9507057,77.7016455,197
777,431971,259,12.9507057,77.7016455,197
778,460815,743,12.9491089,77.7011635,197
779,473528,239,12.949533,77.700924,197
780,494234,990,12.9496676,77.7012903,197
781,493622,297,12.947888,77.703952,198
782,509198,486,12.947888,77.703952,198
783,C67842,431,12.9507815,77.7049309,198
784,350451,240,12.949423,77.705307,198
785,461506,349,12.948839,77.705325,198
786,477957,942,12.94888,77.705416,198
787,512174,64,12.9607311,77.7034378,199
788,518795,137,12.9602705,77.7012412,199
789,RR0T9444,853,12.9593144,77.701776,199
790,337408,949,12.9598424,77.7016049,199
791,366796,802,12.9598424,77.7016049,199
792,451765,664,12.9598424,77.7016049,199
793,469481,314,12.9598424,77.7016049,199
794,432111,550,12.9598424,77.7016049,199
795,488165,85,12.957668,77.702122,199
796,460720,366,12.9568643,77.7007248,199
797,335426,261,12.968389,77.7013568,200
798,298961,253,12.968389,77.7013568,200
799,498093,140,12.968389,77.7013568,200
800,528588,80,12.968389,77.7013568,200
801,513244,99,12.968389,77.7013568,200
802,277941,204,12.9732773,77.7007715,200
803,468570,148,12.9712769,77.6984492,200
804,288884,475,12.9718147,77.6986963,200
805,336572,792,12.963393,77.7083749,201
806,257567,698,12.960779,77.714812,201
807,125336,925,12.9682592,77.7160527,201
808,441059,461,12.9660428,77.7121722,201
809,352809,311,12.9660428,77.7121722,201
810,469857,182,12.9660428,77.7121722,201
811,373889,302,12.9660428,77.7121722,201
812,485295,676,12.9651348,77.714848,201
813,473713,186,12.965387,77.717515,201
814,336174,286,12.9660028,77.7179232,201
815,231867,22,12.9717844,77.7124229,202
816,502894,92,12.973709,77.708125,202
817,482468,120,12.9428102,77.6966653,203
818,530329,574,12.932318,77.7046399,203
819,502820,594,12.9397003,77.7020001,203
820,472476,127,12.9372564,77.7025247,203
821,373576,739,12.9377479,77.7009619,203
822,522293,234,13.0368124,77.6584254,204
823,313341,714,13.033476,77.666886,205
824,337323,439,13.0059108,77.6508887,206
825,518366,587,13.0047636,77.6564983,206
826,505430,683,13.0038913,77.6573823,206
827,338368,39,13.0109623,77.6606019,207
828,485422,536,13.0145817,77.6480452,208
829,368208,882,13.0334162,77.6490064,209
830,222322,425,13.021788,77.6501611,209
831,457601,404,13.0290504,77.6601288,209
832,290292,924,13.0255399,77.6471693,209
833,477852,444,13.028134,77.649455,209
834,428318,867,13.0288172,77.6528411,209
835,491868,926,13.029366,77.652725,209
836,474877,633,13.0256772,77.6560074,209
837,470403,446,13.024546,77.66112,209
838,358931,424,13.021136,77.657155,209
839,372306,707,13.0225279,77.6580183,209
840,300473,318,13.028687,77.680751,210
841,348961,133,13.0245919,77.6791968,211
842,490933,492,13.0209184,77.6818138,211
843,489200,87,13.0212802,77.6788008,211
844,368192,695,13.02116,77.679232,211
845,335012,908,13.0205847,77.6763726,211
846,327119,161,13.020796,77.674172,211
847,469249,1026,13.0200582,77.6745267,211
848,481528,223,13.0200582,77.6745267,211
849,340069,798,13.0200582,77.6745267,211
850,516472,411,13.017745,77.685013,211
851,445205,496,13.017294,77.6815285,211
852,473657,174,13.0116116,77.6784084,212
853,462141,895,13.011961,77.6794818,212
854,290941,154,13.010299,77.6738669,212
855,C73309,208,13.0112859,77.6752994,212
856,525518,876,13.017953,77.662027,212
857,457602,216,13.01728,77.6664976,212
858,459600,805,13.0176324,77.6661596,212
859,514416,44,13.0130488,77.6692706,212
860,463157,351,13.0089603,77.6674688,212
861,478353,711,13.0094996,77.64346,213
862,497155,909,13.0073842,77.6409553,213
863,292362,1029,13.0194086,77.6285313,213
864,501869,905,13.0140949,77.6393873,213
865,279359,610,13.0198232,77.6400389,213
866,365990,912,13.0232007,77.6407798,213
867,485059,462,13.01211,77.6350382,213
868,461203,570,13.012865,77.6339674,213
869,475260,203,13.016407,77.633793,213
870,442164,398,13.018434,77.6363774,213
871,474856,933,13.017438,77.63572,213
872,487284,987,13.0032242,77.6359377,214
873,355949,356,13.0006219,77.6302854,214
874,309948,755,13.0006219,77.6302854,214
875,497176,971,12.981369,77.648789,215
876,484099,723,12.9952715,77.6594561,216
877,523360,607,12.981296,77.624447,217
878,12345,569,12.9764162,77.6266741,217
879,472988,308,12.9764162,77.6266741,217
880,474875,530,12.9764162,77.6266741,217
881,272611,443,12.9596562,77.6491041,218
882,434816,8,12.9585657,77.6489842,218
883,340534,342,12.9585657,77.6489842,218
884,431152,328,12.9607504,77.6483593,218
885,487481,484,12.9611228,77.6472466,218
886,336571,281,12.9757404,77.633889,219
887,277728,6,12.9668516,77.641418,219
888,223484,756,12.9718915,77.6411545,219
889,450155,506,12.971159,77.6369026,219
890,487104,921,12.9696348,77.6330404,219
891,466631,1043,12.9698201,77.6303569,219
892,504685,674,12.9585186,77.6678672,220
893,451772,145,12.9588988,77.6609808,221
894,514388,267,12.9572388,77.6618881,221
895,518838,997,12.954099,77.654329,222
896,336767,242,12.954964,77.658097,222
897,334397,856,12.9567513,77.6567772,222
898,343528,270,12.9567513,77.6567772,222
899,478811,589,12.9567513,77.6567772,222
900,468544,322,12.957978,77.65725,222
901,285822,645,12.9594414,77.657021,222
902,284724,90,12.958333,77.656531,222
903,517550,748,12.9586306,77.65667,222
904,471095,1008,12.9587516,77.6568341,222
905,248072,214,12.965072,77.656761,223
906,512638,929,12.9660498,77.6578151,223
907,485419,948,12.9693441,77.6535519,223
908,233546,382,12.9692699,77.647422,223
909,313061,640,12.9685325,77.6494453,223
910,462519,197,12.9729016,77.6473857,223
911,275879,546,12.972391,77.64968,223
912,506226,14,12.9780439,77.6925538,224
913,462522,526,12.9878279,77.7008509,225
914,362258,386,12.967252,77.672709,226
915,461388,806,12.9640341,77.6729047,226
916,375076,57,12.9717026,77.6891163,227
917,491568,307,12.9697747,77.689245,227
918,424220,998,12.9697747,77.689245,227
919,373731,537,12.9842362,77.6874903,228
920,248584,12,12.9935669,77.6669699,229
921,423983,23,12.9965599,77.6689577,229
922,274557,70,12.9971155,77.6692107,229
923,304060,837,12.9944527,77.6991722,230
924,492944,422,12.9969229,77.6968618,230
925,303193,720,12.9969229,77.6968618,230
926,506345,721,13.0000025,77.676529,231
927,293249,614,12.997984,77.6915479,232
928,310554,940,12.9966827,77.6883905,232
929,83048,941,12.9966827,77.6883905,232
930,454309,219,12.9933982,77.6878521,232
931,509867,839,12.9895422,77.6891149,232
932,526959,687,12.9910215,77.6871992,232
933,493501,736,12.9902241,77.6849102,232
934,479021,292,12.9919683,77.6801876,233
935,352413,812,12.9929327,77.680502,233
936,358895,937,12.9929327,77.680502,233
937,480897,1014,12.9950343,77.6770708,233
938,493775,975,12.9933751,77.6734738,233
939,C66652,479,12.9933751,77.6734738,233
940,314510,524,12.9933751,77.6734738,233
941,501446,931,12.99147,77.675719,233
942,421363,1024,12.9922472,77.6750711,233
943,304930,179,12.9815668,77.6754041,234
944,336302,185,12.984451,77.6730409,234
945,313855,548,12.9855382,77.6718884,234
946,416716,782,12.958395,77.67947,235
947,465130,983,12.9740402,77.6730246,236
948,329178,829,12.9827008,77.681182,237
949,287586,954,12.963247,77.681079,238
950,357058,458,12.9672811,77.6827732,239
951,284661,979,12.966896,77.682784,239
952,487449,777,12.966896,77.682784,239
953,354048,604,12.966896,77.682784,239
954,314866,456,12.966896,77.682784,239
955,357064,89,12.966896,77.682784,239
956,324601,268,12.966896,77.682784,239
957,374704,290,12.9702486,77.6804549,240
958,510457,890,12.973342,77.681014,240
959,374903,79,12.978223,77.6795563,240
960,218132,641,12.9732049,77.6783056,240
961,498099,151,12.9756919,77.6789152,240
962,213491,866,12.9756762,77.6778473,240
963,434855,994,12.9713124,77.6651736,241
964,502046,49,12.9768837,77.6651296,241
965,495819,73,12.9847664,77.6654569,241
966,478850,172,12.9851687,77.6619388,241
967,334334,843,12.9850184,77.6631511,241
968,472761,396,12.9823324,77.667199,241
969,307582,757,12.9805458,77.6648799,241
970,285820,585,13.022592,77.712119,242
971,463222,710,13.022592,77.712119,242
972,536308,84,13.0175283,77.7107665,242
973,508227,893,13.0203087,77.7095666,242
974,340580,642,13.0274175,77.6895019,243
975,509034,118,13.0242349,77.6928268,243
976,374910,124,13.0241344,77.6928141,243
977,500797,1041,13.0217199,77.6997766,244
978,288560,562,13.0065765,77.6989924,245
979,374710,783,13.0052529,77.6966696,245
980,444630,684,13.0084537,77.6951281,245
981,444494,189,13.012,77.695091,245
982,444501,82,13.0102529,77.6924655,245
983,372839,507,13.0112749,77.6935608,245
984,431230,177,13.0155556,77.7025931,245
985,241161,774,13.0120967,77.6998446,245
986,284927,339,13.0103266,77.7178152,246
987,312233,830,12.9902727,77.7195925,247
988,529566,877,12.996081,77.718958,247
989,485093,758,12.993803,77.717353,247
990,302606,963,12.9922994,77.7160351,247
991,531755,375,12.9922081,77.7172148,247
992,496370,586,12.9922081,77.7172148,247
993,362042,958,12.999717,77.714835,248
994,433896,469,13.003639,77.716422,248
995,502475,789,13.0045578,77.7182843,248
996,313787,63,13.0045578,77.7182843,248
997,14458,435,13.0045578,77.7182843,248
998,106941,1033,13.0100411,77.7081725,249
999,500025,1007,13.0045117,77.7051868,249
1000,478755,71,13.0045117,77.7051868,249
1001,473344,447,13.0045117,77.7051868,249
1002,470217,320,13.007735,77.712445,249
1003,288530,626,13.0020108,77.7081872,249
1004,464693,187,13.004461,77.708843,249
1005,277190,176,13.003976,77.711319,249
1006,521971,309,13.005343,77.711244,249
1007,440563,180,13.0284163,77.6325214,250
1008,485430,747,13.0319125,77.6356867,250
1009,478973,448,13.0432269,77.6256402,250
1010,455387,527,13.0377347,77.6288279,250
1011,460910,734,12.9813065,77.7266485,251
1012,485854,222,12.9861792,77.744921,252
1013,C68796,343,12.984209,77.755942,252
1014,498491,401,12.9837615,77.7524946,252
1015,449609,272,12.9564178,77.7314017,253
1016,485360,560,12.9593892,77.732283,253
1017,332193,732,12.977566,77.7375631,254
1018,485819,191,12.9670772,77.7604168,255
1019,531765,262,12.9674628,77.7590168,255
1020,533864,659,12.9673541,77.7691212,255
1021,374725,131,12.9699313,77.7663261,255
1022,461271,951,12.9710033,77.7679899,255
1023,366442,964,12.9698387,77.751317,255
1024,474136,296,12.9586949,77.7462317,255
1025,333923,490,12.9630923,77.750508,255
1026,354165,123,12.9683445,77.7359536,255
1027,363932,468,12.9687424,77.7431381,255
1028,214653,901,12.9691775,77.743308,255
1029,434875,27,12.8662634,77.5336122,256
1030,485249,347,12.8688992,77.5363242,256
1031,482825,729,12.8867375,77.5451932,256
1032,343546,973,12.8817975,77.5514878,256
1033,530531,395,12.8806477,77.5462236,256
1034,485226,688,12.8790045,77.5452878,256
1035,478778,1042,12.8790045,77.5452878,256
1036,292728,360,12.9208808,77.7348899,257
1037,519054,93,12.8963074,77.7202007,257
1038,288966,494,12.9038477,77.7310395,257
1039,473330,169,13.1072903,77.5750535,258
1040,335490,450,13.1132814,77.6110261,258
1041,355664,1020,13.090035,77.602665,258
1042,303054,836,13.0983791,77.5970045,258
1043,279447,374,13.097217,77.599539,258
1044,425898,657,13.097217,77.599539,258
1045,241850,1004,13.102062,77.604375,258
1046,491674,609,13.1033551,77.6006436,258
1047,434576,703,13.1033551,77.6006436,258
1048,325010,5,12.7683645,77.7013262,259
1049,518623,445,12.7977874,77.7060467,259
1050,507780,759,12.8004059,77.7048997,259
